Formula,Metal,Insulator,MIT,Correct,Label,Stoichiometry,Crystal_structure,Average_MO_distance,Valence_electron,d_electron,Mass_density,Mean_electronegativity,Polarizability,Std_of_ionic_radius,Crystal_field_splitting,Electronic_corr,Respondent,Accuracy
LaRuO3,1,0,1,1,1,0,0,1,0,1,0,0,0,1,1,1,1,74
LaFeO3,0,1,0,1,0,1,1,0,0,1,0,1,0,0,1,1,1,74
LaNiO3,1,0,0,1,1,1,1,1,0,0,0,0,0,0,0,1,1,74
CaFeO3,1,0,1,1,2,1,0,0,0,1,0,0,0,1,0,1,1,74
ReO3,1,0,0,1,1,0,1,0,0,1,0,1,0,0,0,1,1,74
MoO2,0,1,0,0,1,0,1,0,0,1,0,0,0,0,0,1,1,74
MoO3,0,1,0,1,0,0,1,0,0,1,0,0,0,0,0,0,1,74
Ag2BiO3,1,0,0,0,2,1,0,0,0,0,0,0,0,0,1,1,1,74
TiO,0,1,0,0,1,1,1,0,0,1,0,0,0,0,1,0,1,74
MnO,0,1,0,1,0,1,0,0,0,1,0,0,1,0,1,0,1,74
Ca2RuO4,1,0,1,1,2,1,0,1,0,1,0,0,0,0,1,1,1,74
NbO2,0,1,0,0,2,1,0,0,0,0,0,0,1,0,0,0,1,74
Sr2TiO4,0,1,0,1,0,1,0,0,0,1,0,1,0,0,1,0,1,74
Ti2O3,0,1,0,0,2,1,1,0,0,1,0,0,0,0,1,0,1,74
Cr2O3,0,1,1,1,0,0,0,0,0,1,0,0,1,0,0,1,1,74
KVO3,0,1,0,1,0,1,0,0,0,1,0,0,0,0,0,1,1,74
BaVS3,1,0,1,1,2,0,0,1,0,1,0,0,0,0,1,1,1,74
SrCrO3,0,1,0,0,1,1,0,0,0,1,0,0,1,0,1,1,1,74
LaRuO3,1,0,1,1,1,0,1,1,1,0,0,1,1,0,1,1,2,48
LaFeO3,0,1,1,1,0,0,1,1,1,1,1,1,1,1,1,1,2,48
LaNiO3,1,0,1,1,1,1,1,0,1,1,0,1,1,0,1,0,2,48
CaFeO3,0,1,0,0,2,0,1,1,1,1,0,0,1,0,1,1,2,48
ReO3,1,0,0,1,1,1,1,0,1,1,0,1,1,0,1,0,2,48
MoO2,0,1,0,0,1,1,1,1,0,0,0,0,1,0,0,0,2,48
MoO3,1,0,0,0,0,1,0,1,1,1,0,0,1,0,1,0,2,48
Ag2BiO3,1,0,0,0,2,1,1,1,1,1,0,1,1,0,1,1,2,48
TiO,1,0,0,1,1,0,1,1,1,1,0,0,1,0,1,0,2,48
MnO,1,0,0,0,0,1,1,1,1,1,0,1,1,0,1,0,2,48
Ca2RuO4,1,0,1,1,2,1,1,1,1,1,0,1,1,0,1,0,2,48
NbO2,0,1,0,0,2,1,1,1,1,1,0,0,0,1,1,0,2,48
Sr2TiO4,1,0,0,0,0,1,1,1,1,1,0,1,0,0,1,0,2,48
Ti2O3,0,1,0,0,2,1,1,1,1,1,0,0,0,0,1,0,2,48
Cr2O3,1,0,0,0,0,1,1,1,1,1,0,1,0,0,1,0,2,48
KVO3,1,0,0,0,0,1,1,1,1,1,0,0,1,0,1,0,2,48
BaVS3,0,1,0,0,2,1,1,1,1,1,0,1,0,0,1,0,2,48
SrCrO3,0,1,1,0,1,1,1,1,1,1,0,1,1,0,1,0,2,48
LaRuO3,0,1,1,0,1,0,1,1,1,1,0,0,1,0,0,1,3,52
LaFeO3,1,0,1,0,0,0,1,1,1,1,0,0,1,0,1,1,3,52
LaNiO3,1,0,0,1,1,0,1,1,1,1,0,1,1,1,1,1,3,52
CaFeO3,0,1,0,0,2,0,1,1,1,1,0,1,1,1,0,1,3,52
ReO3,0,1,0,0,1,0,1,1,1,1,0,0,1,0,1,1,3,52
MoO2,0,1,0,0,1,1,0,1,1,1,0,1,1,0,1,1,3,52
MoO3,0,1,0,1,0,0,1,1,1,1,0,1,1,1,0,1,3,52
Ag2BiO3,1,0,1,1,2,0,1,1,1,1,0,1,1,1,1,1,3,52
TiO,0,1,0,0,1,1,1,1,1,1,0,0,1,0,1,1,3,52
MnO,1,0,0,0,0,0,0,0,0,0,0,1,0,0,0,0,3,52
Ca2RuO4,1,0,0,0,2,0,0,0,0,0,0,0,0,1,0,0,3,52
NbO2,1,0,0,0,2,0,0,1,0,0,0,1,1,0,0,1,3,52
Sr2TiO4,1,0,0,0,0,1,0,0,1,1,1,1,1,0,1,1,3,52
Ti2O3,0,1,0,0,2,0,1,0,1,1,1,0,0,1,1,0,3,52
Cr2O3,0,1,1,1,0,0,1,1,1,0,0,0,0,0,1,0,3,52
KVO3,0,1,0,1,0,0,1,0,0,1,1,0,1,1,0,0,3,52
BaVS3,0,1,1,1,2,0,0,1,0,1,0,1,0,0,1,0,3,52
SrCrO3,1,0,0,1,1,0,0,1,1,0,1,0,1,0,0,1,3,52
LaRuO3,0,1,1,0,1,0,1,0,0,1,0,0,0,0,1,1,4,65
LaFeO3,0,1,0,1,0,1,1,0,0,1,0,1,0,0,1,0,4,65
LaNiO3,1,0,1,1,1,1,1,1,0,1,0,1,0,0,1,1,4,65
CaFeO3,0,1,1,1,2,1,1,0,1,1,0,0,0,0,1,1,4,65
ReO3,0,1,1,0,1,1,0,0,1,0,0,1,0,0,0,0,4,65
MoO2,0,1,1,0,1,0,1,1,1,1,0,1,0,1,0,0,4,65
MoO3,0,1,0,1,0,0,1,1,1,1,0,1,0,0,0,0,4,65
Ag2BiO3,1,0,1,1,2,0,1,1,1,1,0,0,0,1,1,1,4,65
TiO,1,0,1,1,1,1,0,0,1,1,0,0,0,0,0,1,4,65
MnO,0,1,0,1,0,1,0,0,1,1,0,0,0,0,1,1,4,65
Ca2RuO4,0,1,1,1,2,1,1,1,1,1,0,0,0,0,1,0,4,65
NbO2,0,1,0,0,2,0,0,1,1,1,0,0,0,1,0,1,4,65
Sr2TiO4,0,1,0,1,0,0,0,0,0,1,0,0,0,0,0,0,4,65
Ti2O3,0,1,1,1,2,1,1,0,0,1,0,0,0,0,1,1,4,65
Cr2O3,0,1,0,1,0,1,0,0,1,1,0,0,0,0,0,0,4,65
KVO3,0,1,0,1,0,1,0,0,1,1,0,0,0,0,0,0,4,65
BaVS3,0,1,0,0,2,0,1,0,0,1,0,1,0,0,1,0,4,65
SrCrO3,0,1,1,0,1,0,1,0,1,1,0,1,0,0,0,1,4,65
LaRuO3,1,0,0,1,1,1,0,1,0,1,0,0,0,0,1,1,5,65
LaFeO3,0,1,1,1,0,0,0,1,0,0,0,0,0,0,1,1,5,65
LaNiO3,1,0,1,1,1,0,1,1,0,1,0,0,0,0,0,0,5,65
CaFeO3,1,0,1,1,2,0,1,0,1,0,0,0,0,0,1,1,5,65
ReO3,1,0,1,1,1,1,1,0,0,1,0,0,0,0,0,0,5,65
MoO2,1,0,1,1,1,0,1,1,1,0,0,0,0,0,1,0,5,65
MoO3,0,1,0,1,0,1,1,0,1,0,0,0,0,0,0,0,5,65
Ag2BiO3,0,1,1,1,2,0,1,0,1,0,0,0,0,0,1,1,5,65
TiO,0,1,0,0,1,1,1,0,1,0,0,0,0,0,0,0,5,65
MnO,0,1,1,1,0,0,1,0,1,0,0,0,0,0,0,1,5,65
Ca2RuO4,0,1,1,1,2,0,1,0,0,0,0,0,0,0,1,1,5,65
NbO2,0,1,0,0,2,0,1,0,1,0,0,0,0,0,0,0,5,65
Sr2TiO4,0,1,0,1,0,1,1,0,0,0,0,0,0,0,1,0,5,65
Ti2O3,0,1,1,1,2,1,1,0,1,0,0,0,0,0,0,0,5,65
Cr2O3,0,1,1,1,0,0,1,0,1,0,0,0,0,0,0,1,5,65
KVO3,1,0,1,0,0,1,1,0,1,0,0,0,0,0,0,0,5,65
BaVS3,1,0,1,1,2,1,1,0,1,0,0,0,0,0,0,0,5,65
SrCrO3,0,1,0,0,1,0,1,0,0,0,0,0,0,0,1,1,5,65
LaRuO3,1,0,1,1,1,0,1,1,1,1,0,0,0,0,0,1,6,52
LaFeO3,0,1,1,1,0,0,1,1,1,1,0,0,0,0,0,1,6,52
LaNiO3,0,1,1,0,1,0,1,1,1,1,0,0,0,0,1,1,6,52
CaFeO3,0,1,1,1,2,0,1,0,0,1,0,0,0,0,1,0,6,52
ReO3,1,0,0,1,1,1,1,1,0,0,0,0,0,0,0,0,6,52
MoO2,1,0,0,1,1,1,1,0,0,0,0,0,0,0,0,0,6,52
MoO3,0,1,1,1,0,0,1,1,0,0,0,0,0,0,0,0,6,52
Ag2BiO3,1,0,1,1,2,0,1,0,0,0,0,0,1,0,0,0,6,52
TiO,0,1,1,0,1,1,1,0,0,1,0,0,0,0,0,0,6,52
MnO,0,1,1,1,0,1,1,0,0,1,0,0,0,0,0,0,6,52
Ca2RuO4,1,0,1,1,2,0,1,1,0,1,0,0,0,0,0,0,6,52
NbO2,1,0,0,0,2,1,0,1,1,0,0,0,0,0,0,0,6,52
Sr2TiO4,0,1,1,1,0,1,1,0,1,0,0,0,0,0,0,0,6,52
Ti2O3,0,1,1,1,2,1,1,0,0,1,0,0,0,0,0,0,6,52
Cr2O3,0,1,1,1,0,0,1,1,0,1,0,0,0,0,0,0,6,52
KVO3,0,1,1,1,0,0,1,1,0,0,0,0,0,0,0,0,6,52
BaVS3,0,1,1,1,2,0,1,1,0,0,0,0,0,0,0,0,6,52
SrCrO3,0,1,1,0,1,0,1,1,0,0,0,0,0,0,0,0,6,52
LaRuO3,0,1,1,0,1,1,1,0,1,1,0,1,1,0,1,1,7,45
LaFeO3,0,1,1,1,0,1,0,0,1,1,0,1,1,0,1,1,7,45
LaNiO3,0,1,1,0,1,1,1,0,1,1,0,1,1,0,1,1,7,45
CaFeO3,0,1,1,1,2,1,1,0,1,1,0,1,1,0,1,1,7,45
ReO3,1,0,1,1,1,1,1,0,1,1,0,0,1,0,1,1,7,45
MoO2,1,0,1,1,1,1,1,0,1,1,0,0,1,0,1,1,7,45
MoO3,1,0,1,0,0,1,1,0,1,1,0,0,1,0,1,1,7,45
Ag2BiO3,1,0,1,1,2,1,1,0,1,1,0,1,1,0,1,1,7,45
TiO,0,1,1,0,1,1,1,0,0,1,0,1,1,1,1,1,7,45
MnO,0,1,0,1,0,1,0,0,1,1,0,0,1,0,1,1,7,45
Ca2RuO4,0,1,0,0,2,1,1,0,1,1,0,0,1,0,1,1,7,45
NbO2,0,1,0,0,2,1,1,0,1,1,0,1,1,0,1,1,7,45
Sr2TiO4,0,1,1,1,0,1,1,0,1,1,0,1,1,0,1,1,7,45
Ti2O3,0,1,0,0,2,1,1,0,1,1,0,1,1,0,1,1,7,45
Cr2O3,0,1,0,1,0,1,1,0,0,1,0,0,1,0,0,1,7,45
KVO3,0,1,0,1,0,0,1,0,0,1,0,0,1,0,1,1,7,45
BaVS3,0,1,0,0,2,1,1,0,1,1,0,1,1,0,1,1,7,45
SrCrO3,0,1,0,0,1,1,1,1,1,1,0,0,1,0,1,1,7,45
LaRuO3,0,1,0,0,1,1,1,1,1,1,0,0,1,0,0,0,8,74
LaFeO3,0,1,0,1,0,1,1,1,1,1,0,0,1,0,0,1,8,74
LaNiO3,1,0,0,1,1,1,1,1,1,1,0,0,1,0,0,1,8,74
CaFeO3,0,1,0,0,2,1,1,1,1,1,0,0,1,0,0,1,8,74
ReO3,1,0,0,1,1,1,1,1,1,1,0,0,1,0,0,1,8,74
MoO2,0,1,1,0,1,1,1,1,1,1,0,0,1,0,0,1,8,74
MoO3,1,0,0,0,0,1,1,1,1,1,0,0,1,0,0,1,8,74
Ag2BiO3,1,0,1,1,2,1,1,1,1,1,0,0,1,0,0,1,8,74
TiO,1,0,0,1,1,1,1,1,1,1,0,0,1,0,0,1,8,74
MnO,0,1,0,1,0,1,1,1,0,1,0,0,1,0,0,1,8,74
Ca2RuO4,1,0,1,1,2,1,1,1,1,1,0,0,1,0,0,1,8,74
NbO2,0,1,1,1,2,1,0,1,1,1,0,0,1,0,0,1,8,74
Sr2TiO4,0,1,0,1,0,1,1,1,1,1,0,0,1,0,0,1,8,74
Ti2O3,0,1,1,1,2,1,1,1,1,1,0,0,1,0,0,1,8,74
Cr2O3,0,1,0,1,0,1,1,1,1,1,0,0,1,0,0,1,8,74
KVO3,1,0,0,0,0,1,1,1,1,1,0,0,1,0,1,1,8,74
BaVS3,1,0,0,0,2,1,1,1,1,1,0,0,1,0,0,1,8,74
SrCrO3,0,1,0,0,1,1,1,1,1,1,0,0,1,0,1,1,8,74
LaRuO3,0,1,1,0,1,1,1,0,0,1,0,0,0,0,0,1,9,61
LaFeO3,0,1,1,1,0,1,1,0,0,1,0,0,0,0,1,1,9,61
LaNiO3,1,0,1,0,1,0,0,0,0,0,0,0,0,0,0,1,9,61
CaFeO3,1,0,1,1,2,1,0,0,0,1,0,0,0,0,1,1,9,61
ReO3,1,0,0,1,1,0,0,0,0,1,0,0,0,0,0,0,9,61
MoO2,0,1,1,0,1,0,0,0,1,0,0,0,0,0,0,0,9,61
MoO3,0,1,0,1,0,1,0,0,0,0,0,0,0,0,0,0,9,61
Ag2BiO3,0,1,1,1,2,1,0,0,0,1,0,0,0,0,1,1,9,61
TiO,0,1,1,0,1,1,0,0,0,1,0,0,0,0,1,1,9,61
MnO,0,1,0,1,0,1,0,0,0,0,0,0,0,0,0,0,9,61
Ca2RuO4,1,0,1,1,2,1,1,0,0,1,0,0,0,0,1,1,9,61
NbO2,0,1,1,1,2,1,0,0,1,0,0,0,0,0,0,0,9,61
Sr2TiO4,0,1,1,1,0,1,1,0,0,0,0,0,0,0,1,0,9,61
Ti2O3,1,0,1,1,2,1,1,0,1,1,0,0,0,0,0,0,9,61
Cr2O3,0,1,0,1,0,1,0,0,1,1,0,0,0,0,0,0,9,61
KVO3,0,1,1,1,0,1,0,0,0,1,0,0,0,0,0,1,9,61
BaVS3,0,1,1,1,2,1,0,0,0,1,0,0,0,0,1,1,9,61
SrCrO3,0,1,1,0,1,1,0,0,0,1,0,0,0,0,1,1,9,61
LaRuO3,0,1,1,0,1,1,1,1,1,1,0,0,0,0,1,1,10,61
LaFeO3,0,1,0,1,0,1,1,1,1,1,0,0,0,0,0,0,10,61
LaNiO3,1,0,0,1,1,1,1,1,1,1,0,0,0,0,1,1,10,61
CaFeO3,0,1,0,0,2,1,1,1,1,1,0,0,0,0,1,0,10,61
ReO3,0,1,0,0,1,1,1,1,1,1,0,0,0,0,1,1,10,61
MoO2,1,0,0,1,1,1,1,1,1,1,0,0,0,0,1,1,10,61
MoO3,0,1,0,1,0,1,1,1,1,1,0,0,0,0,1,1,10,61
Ag2BiO3,0,1,0,0,2,1,1,1,1,0,0,0,0,0,1,0,10,61
TiO,1,0,1,1,1,1,1,1,1,1,0,0,0,0,1,0,10,61
MnO,1,0,0,0,0,1,1,0,1,1,0,0,0,0,1,0,10,61
Ca2RuO4,1,0,0,0,2,1,1,0,0,1,0,0,0,0,1,0,10,61
NbO2,1,0,0,0,2,1,1,1,0,1,0,0,0,0,0,0,10,61
Sr2TiO4,0,1,0,1,0,1,1,0,1,1,0,0,0,0,1,0,10,61
Ti2O3,1,0,1,1,2,1,1,0,1,1,0,0,0,0,1,0,10,61
Cr2O3,1,0,0,0,0,1,1,0,0,1,0,0,0,0,1,0,10,61
KVO3,0,1,0,1,0,1,0,1,1,1,0,0,0,0,1,0,10,61
BaVS3,1,0,0,0,2,1,1,1,0,1,0,1,1,0,1,0,10,61
SrCrO3,1,0,0,1,1,1,1,1,0,1,0,0,0,0,1,0,10,61
LaRuO3,1,0,1,1,1,1,1,1,0,0,0,0,0,0,0,0,11,61
LaFeO3,0,1,1,1,0,1,1,0,0,0,0,0,0,0,0,1,11,61
LaNiO3,0,1,1,0,1,1,1,1,0,0,0,0,1,1,0,1,11,61
CaFeO3,0,1,0,0,2,1,0,0,0,0,0,0,0,0,0,0,11,61
ReO3,1,0,0,1,1,1,0,0,0,0,0,0,0,0,0,0,11,61
MoO2,1,0,0,1,1,1,0,0,0,0,0,0,0,0,0,0,11,61
MoO3,0,1,1,1,0,1,1,1,0,0,0,0,0,0,0,0,11,61
Ag2BiO3,0,1,1,1,2,1,0,1,0,1,0,0,1,0,0,0,11,61
TiO,0,1,1,0,1,1,1,1,0,0,1,0,0,0,0,0,11,61
MnO,0,1,1,1,0,1,0,0,0,1,0,1,0,0,0,0,11,61
Ca2RuO4,1,0,1,1,2,0,1,0,0,0,0,1,0,0,0,0,11,61
NbO2,0,1,1,1,2,1,0,0,0,0,0,0,0,0,0,0,11,61
Sr2TiO4,0,1,1,1,0,0,1,0,0,1,0,0,1,0,0,0,11,61
Ti2O3,0,1,1,1,2,1,0,0,0,0,1,1,1,0,0,0,11,61
Cr2O3,0,1,0,1,0,0,1,0,0,0,0,0,0,0,0,0,11,61
KVO3,0,1,0,1,0,0,0,0,0,0,1,0,0,0,0,0,11,61
BaVS3,0,1,1,1,2,0,0,0,0,0,1,0,0,0,0,0,11,61
SrCrO3,0,1,1,0,1,1,1,0,0,0,0,0,0,0,0,0,11,61
LaRuO3,1,0,1,1,1,1,1,1,1,1,0,0,0,0,1,1,12,55
LaFeO3,0,1,1,1,0,1,1,0,0,0,0,0,0,0,0,1,12,55
LaNiO3,0,1,1,0,1,1,1,1,0,0,0,0,1,1,0,1,12,55
CaFeO3,0,1,1,1,2,1,0,0,1,0,0,0,0,0,1,1,12,55
ReO3,1,0,1,1,1,1,1,0,1,1,0,0,0,0,1,1,12,55
MoO2,1,0,1,1,1,0,1,0,0,1,0,0,0,0,1,1,12,55
MoO3,0,1,1,1,0,1,1,0,1,1,0,0,0,0,1,1,12,55
Ag2BiO3,1,0,1,1,2,1,1,0,1,1,0,0,0,0,1,1,12,55
TiO,1,0,1,1,1,1,1,0,1,1,0,0,0,0,1,1,12,55
MnO,0,1,1,1,0,1,1,0,0,1,0,0,0,0,1,1,12,55
Ca2RuO4,0,1,1,1,2,1,1,0,1,1,0,0,0,0,1,1,12,55
NbO2,1,0,1,1,2,1,1,0,1,1,0,0,0,0,1,1,12,55
Sr2TiO4,0,1,1,1,0,1,0,0,1,1,0,0,0,0,0,0,12,55
Ti2O3,1,0,1,1,2,1,1,0,0,1,0,0,0,1,1,1,12,55
Cr2O3,0,1,1,1,0,1,1,0,1,1,0,0,0,0,1,1,12,55
KVO3,1,0,1,0,0,1,1,0,1,1,0,0,0,0,1,1,12,55
BaVS3,1,0,1,1,2,1,1,0,1,1,0,0,0,0,1,1,12,55
SrCrO3,1,0,1,1,1,1,1,0,1,1,0,0,0,0,1,1,12,55
LaRuO3,0,1,1,0,1,1,1,1,0,0,0,0,0,0,1,1,13,48
LaFeO3,0,1,1,1,0,1,1,1,0,0,0,0,0,0,1,1,13,48
LaNiO3,0,1,1,0,1,0,1,0,0,1,0,1,0,0,1,0,13,48
CaFeO3,0,1,1,1,2,1,1,0,0,1,0,0,0,0,1,0,13,48
ReO3,1,0,1,1,1,1,0,0,0,1,0,0,0,0,0,1,13,48
MoO2,1,0,1,1,1,1,0,0,0,1,0,0,0,0,1,1,13,48
MoO3,1,0,1,0,0,1,0,0,0,1,0,0,0,0,0,1,13,48
Ag2BiO3,0,1,1,1,2,1,1,0,0,1,0,0,0,0,1,1,13,48
TiO,1,0,1,1,1,1,0,0,0,1,0,0,0,0,1,1,13,48
MnO,0,1,1,1,0,0,0,1,0,1,0,0,0,0,1,1,13,48
Ca2RuO4,0,1,1,1,2,1,1,0,0,1,0,0,0,0,1,1,13,48
NbO2,0,1,1,1,2,1,0,0,0,1,0,0,0,0,1,0,13,48
Sr2TiO4,0,1,1,1,0,1,1,1,0,1,0,0,0,0,1,1,13,48
Ti2O3,1,0,1,1,2,1,1,0,0,1,0,0,0,0,1,1,13,48
Cr2O3,0,1,0,1,0,1,1,0,0,1,0,0,0,0,1,1,13,48
KVO3,0,1,1,1,0,1,1,0,0,1,0,0,1,0,1,1,13,48
BaVS3,0,1,1,1,2,0,1,0,0,1,0,0,0,0,1,1,13,48
SrCrO3,0,1,1,0,1,1,1,1,0,1,0,0,0,0,1,1,13,48
LaRuO3,0,1,0,0,1,1,1,0,1,1,0,0,0,0,1,1,14,77
LaFeO3,0,1,0,1,0,1,1,0,1,1,0,0,0,0,1,0,14,77
LaNiO3,1,0,0,1,1,1,1,0,1,1,0,0,0,0,1,0,14,77
CaFeO3,1,0,1,1,2,1,1,0,1,1,0,0,0,0,1,1,14,77
ReO3,1,0,0,1,1,1,1,0,1,1,0,1,0,0,1,0,14,77
MoO2,0,1,0,0,1,1,1,0,1,1,0,0,0,1,1,0,14,77
MoO3,0,1,0,1,0,1,1,1,1,1,1,0,1,1,1,0,14,77
Ag2BiO3,1,0,1,1,2,1,1,1,1,1,1,1,0,1,1,1,14,77
TiO,0,1,0,0,1,1,1,0,1,1,0,0,0,1,1,1,14,77
MnO,0,1,0,1,0,1,1,0,1,1,1,1,0,1,1,0,14,77
Ca2RuO4,1,0,0,0,2,0,1,1,1,1,0,1,1,1,1,0,14,77
NbO2,1,0,1,1,2,1,1,1,1,1,1,0,0,1,1,0,14,77
Sr2TiO4,0,1,0,1,0,1,1,0,1,1,0,0,1,1,1,0,14,77
Ti2O3,1,0,1,1,2,1,1,0,1,1,0,0,0,0,1,0,14,77
Cr2O3,0,1,0,1,0,1,1,1,1,1,0,0,0,0,1,0,14,77
KVO3,0,1,1,1,0,1,1,0,1,1,1,0,0,0,1,0,14,77
BaVS3,0,1,1,1,2,1,1,0,1,1,0,1,0,0,1,0,14,77
SrCrO3,0,1,1,0,1,1,1,0,1,1,0,0,0,1,1,1,14,77
LaRuO3,0,1,1,0,1,1,1,1,1,0,0,0,0,0,0,1,15,48
LaFeO3,0,1,1,1,0,1,1,0,1,1,0,1,1,0,0,0,15,48
LaNiO3,0,1,1,0,1,0,0,0,0,1,0,1,1,1,1,0,15,48
CaFeO3,1,0,0,0,2,1,1,0,0,0,0,1,1,1,1,0,15,48
ReO3,0,1,1,0,1,0,1,0,0,0,0,1,1,0,0,0,15,48
MoO2,0,1,0,0,1,1,0,0,1,0,0,0,0,0,1,0,15,48
MoO3,0,1,0,1,0,0,1,1,1,0,1,1,0,0,0,0,15,48
Ag2BiO3,1,0,0,0,2,0,0,1,0,1,1,1,1,1,0,0,15,48
TiO,0,1,0,0,1,0,0,0,1,0,0,1,1,0,0,0,15,48
MnO,0,1,0,1,0,0,0,1,0,0,0,1,1,0,0,0,15,48
Ca2RuO4,1,0,1,1,2,0,0,1,0,0,0,0,1,0,1,1,15,48
NbO2,1,0,1,1,2,1,0,1,0,0,0,1,0,1,0,0,15,48
Sr2TiO4,1,0,1,0,0,1,0,0,1,0,0,1,1,0,0,0,15,48
Ti2O3,0,1,0,0,2,0,0,1,1,0,0,1,0,0,0,0,15,48
Cr2O3,0,1,0,1,0,0,0,0,0,1,0,1,1,0,0,0,15,48
KVO3,0,1,0,1,0,1,1,0,0,0,0,1,0,0,1,0,15,48
BaVS3,0,1,0,0,2,0,0,1,0,0,1,1,0,0,1,0,15,48
SrCrO3,1,0,0,1,1,1,1,1,0,0,0,0,0,1,0,0,15,48
LaRuO3,1,0,0,0,1,0,1,0,0,0,0,0,0,0,0,0,16,48
LaFeO3,1,0,1,0,0,0,0,0,1,0,0,0,0,0,0,0,16,48
LaNiO3,0,1,0,0,1,0,0,0,1,0,0,0,0,0,0,0,16,48
CaFeO3,0,1,0,0,2,0,1,0,0,0,0,0,0,0,0,0,16,48
ReO3,1,0,0,1,1,0,1,0,1,0,0,0,0,0,0,0,16,48
MoO2,1,0,0,1,1,0,0,0,1,0,0,0,0,0,0,0,16,48
MoO3,1,0,0,0,0,1,0,0,0,0,0,0,0,0,0,0,16,48
Ag2BiO3,0,1,0,0,2,0,0,0,0,0,0,1,1,0,0,0,16,48
TiO,0,1,0,0,1,1,0,0,1,0,0,0,0,0,0,0,16,48
MnO,1,0,0,0,0,0,0,0,1,0,0,0,0,0,0,0,16,48
Ca2RuO4,1,0,1,1,2,1,1,1,1,1,0,0,0,0,0,1,16,48
NbO2,0,1,0,0,2,1,0,0,0,0,0,0,0,0,0,0,16,48
Sr2TiO4,1,0,1,0,0,1,1,0,1,1,0,0,0,0,0,1,16,48
Ti2O3,0,1,0,0,2,1,0,0,1,0,0,0,0,0,0,0,16,48
Cr2O3,0,1,1,1,0,1,0,0,1,0,0,0,0,0,0,0,16,48
KVO3,0,1,1,1,0,0,1,0,1,0,0,0,0,0,0,1,16,48
BaVS3,1,0,0,0,2,1,0,0,1,1,0,0,0,0,0,0,16,48
SrCrO3,0,1,0,0,1,0,0,0,1,0,0,0,0,0,0,0,16,48
LaRuO3,1,0,1,1,1,1,1,1,1,1,0,0,0,0,1,1,17,77
LaFeO3,0,1,1,1,0,1,0,0,1,1,0,0,0,0,0,0,17,77
LaNiO3,1,0,1,1,1,0,1,0,0,1,0,0,0,0,0,1,17,77
CaFeO3,0,1,1,1,2,0,1,1,1,1,0,0,0,0,0,1,17,77
ReO3,1,0,0,1,1,0,1,0,0,1,0,0,0,0,0,0,17,77
MoO2,1,0,0,1,1,0,1,0,0,1,0,0,0,0,0,0,17,77
MoO3,0,1,0,1,0,0,1,0,0,1,0,0,0,0,0,0,17,77
Ag2BiO3,0,1,0,0,2,1,0,0,0,0,0,0,0,0,0,0,17,77
TiO,1,0,0,1,1,0,1,0,1,0,0,0,0,0,0,0,17,77
MnO,0,1,0,1,0,0,0,0,0,1,0,0,0,0,0,0,17,77
Ca2RuO4,0,1,1,1,2,0,1,0,1,1,0,0,0,0,1,1,17,77
NbO2,1,0,0,0,2,0,0,0,0,1,0,0,0,0,0,0,17,77
Sr2TiO4,0,1,0,1,0,0,0,0,0,1,0,0,0,0,0,0,17,77
Ti2O3,1,0,1,1,2,0,0,0,0,1,0,0,0,0,1,1,17,77
Cr2O3,0,1,0,1,0,0,0,0,0,1,0,0,0,0,1,0,17,77
KVO3,0,1,0,1,0,0,0,0,0,1,0,0,0,0,0,0,17,77
BaVS3,1,0,1,1,2,0,0,0,0,1,0,0,0,0,0,0,17,77
SrCrO3,1,0,1,1,1,0,0,0,0,1,0,0,0,0,1,1,17,77
LaRuO3,1,0,1,1,1,0,1,0,0,1,0,0,0,0,1,1,18,71
LaFeO3,0,1,0,1,0,0,1,1,0,1,0,0,0,0,1,1,18,71
LaNiO3,1,0,0,1,1,0,1,1,0,1,0,0,0,0,1,1,18,71
CaFeO3,0,1,0,0,2,0,0,0,0,1,0,0,0,0,1,0,18,71
ReO3,1,0,0,1,1,0,0,0,0,0,0,0,0,0,1,0,18,71
MoO2,1,0,1,1,1,1,0,0,0,0,0,0,0,0,0,0,18,71
MoO3,0,1,0,1,0,0,0,0,0,0,0,0,0,0,1,0,18,71
Ag2BiO3,1,0,0,0,2,0,0,0,0,1,0,0,0,0,0,0,18,71
TiO,1,0,0,1,1,1,0,0,0,1,0,0,0,0,0,0,18,71
MnO,1,0,0,0,0,1,1,0,0,1,0,0,0,0,1,0,18,71
Ca2RuO4,1,0,0,0,2,0,0,0,1,0,0,0,0,0,0,0,18,71
NbO2,1,0,1,1,2,0,1,0,0,1,0,0,0,0,1,0,18,71
Sr2TiO4,0,1,0,1,0,0,0,0,1,0,0,0,0,0,0,0,18,71
Ti2O3,1,0,1,1,2,0,0,0,0,1,0,0,0,0,0,0,18,71
Cr2O3,0,1,0,1,0,0,0,0,0,0,0,0,0,0,1,0,18,71
KVO3,0,1,0,1,0,1,0,0,0,0,0,0,0,0,0,0,18,71
BaVS3,1,0,0,0,2,0,0,0,0,1,0,0,0,0,0,0,18,71
SrCrO3,1,0,1,1,1,0,0,0,0,0,0,0,0,0,1,0,18,71
LaRuO3,0,1,0,0,1,0,0,0,0,0,0,0,0,0,0,0,19,61
LaFeO3,0,1,1,1,0,0,0,0,0,0,0,0,0,0,0,0,19,61
LaNiO3,0,1,0,0,1,0,0,0,0,0,0,0,0,0,0,0,19,61
CaFeO3,0,1,1,1,2,0,0,0,0,0,0,0,0,0,0,0,19,61
ReO3,0,1,0,0,1,0,0,0,0,0,0,0,0,0,0,0,19,61
MoO2,0,1,0,0,1,0,0,0,0,0,0,0,0,0,0,0,19,61
MoO3,0,1,0,1,0,0,0,0,0,0,0,0,0,0,0,0,19,61
Ag2BiO3,0,1,0,0,2,0,0,0,0,0,0,0,0,0,0,0,19,61
TiO,0,1,0,0,1,0,0,0,0,0,0,0,0,0,0,0,19,61
MnO,0,1,0,1,0,0,0,0,0,0,0,0,0,0,0,0,19,61
Ca2RuO4,0,1,0,0,2,0,0,0,0,0,0,0,0,0,0,0,19,61
NbO2,0,1,0,0,2,0,0,0,0,0,0,0,0,0,0,0,19,61
Sr2TiO4,0,1,0,1,0,0,0,0,0,0,0,0,0,0,0,0,19,61
Ti2O3,0,1,0,0,2,0,0,0,0,0,0,0,0,0,0,0,19,61
Cr2O3,0,1,0,1,0,0,0,0,0,0,0,0,0,0,0,0,19,61
KVO3,0,1,0,1,0,0,0,0,0,0,0,0,0,0,0,0,19,61
BaVS3,0,1,0,0,2,0,0,0,0,0,0,0,0,0,0,0,19,61
SrCrO3,0,1,0,0,1,0,0,0,0,0,0,0,0,0,0,0,19,61
LaRuO3,0,1,1,0,1,0,1,0,0,1,0,0,0,0,0,0,20,42
LaFeO3,0,1,1,1,0,0,1,0,1,1,0,0,1,0,0,0,20,42
LaNiO3,0,1,1,0,1,0,1,0,1,1,0,0,1,0,0,0,20,42
CaFeO3,0,1,0,0,2,0,1,0,0,1,0,1,0,0,0,0,20,42
ReO3,0,1,0,0,1,0,1,0,0,1,0,0,1,0,0,0,20,42
MoO2,1,0,1,1,1,0,0,0,1,1,0,0,1,0,0,0,20,42
MoO3,1,0,1,0,0,0,1,0,1,1,0,0,0,0,0,0,20,42
Ag2BiO3,1,0,1,1,2,0,0,0,1,1,0,0,0,0,0,0,20,42
TiO,0,1,0,0,1,0,1,0,1,1,0,0,1,0,0,0,20,42
MnO,0,1,0,1,0,0,1,0,0,1,0,0,1,0,0,0,20,42
Ca2RuO4,0,1,0,0,2,0,0,0,1,1,0,1,0,0,0,0,20,42
NbO2,0,1,0,0,2,0,0,0,0,1,0,0,1,0,0,0,20,42
Sr2TiO4,0,1,1,1,0,0,1,0,0,1,0,0,0,0,0,0,20,42
Ti2O3,0,1,0,0,2,0,1,0,1,1,0,1,0,0,0,0,20,42
Cr2O3,0,1,0,1,0,0,1,0,0,1,0,0,1,0,0,0,20,42
KVO3,0,1,1,1,0,0,1,1,1,1,0,1,0,0,0,0,20,42
BaVS3,0,1,1,1,2,0,1,0,1,1,0,0,1,0,0,0,20,42
SrCrO3,0,1,1,0,1,0,1,0,1,1,0,0,0,0,0,0,20,42
LaRuO3,1,0,1,1,1,1,1,0,0,0,0,0,0,0,0,0,21,45
LaFeO3,1,0,1,0,0,1,1,0,0,0,0,0,0,0,0,0,21,45
LaNiO3,1,0,1,1,1,1,1,0,0,0,0,0,0,0,0,0,21,45
CaFeO3,1,0,1,1,2,1,1,0,0,0,0,0,0,0,0,0,21,45
ReO3,0,1,0,0,1,0,0,0,0,0,0,0,0,0,0,1,21,45
MoO2,0,1,0,0,1,0,0,0,1,0,0,0,0,0,0,0,21,45
MoO3,0,1,1,1,0,0,0,0,1,1,0,0,0,0,0,0,21,45
Ag2BiO3,1,0,1,1,2,0,0,1,0,0,0,0,1,0,0,0,21,45
TiO,1,0,1,1,1,1,0,0,0,0,0,1,0,0,0,0,21,45
MnO,1,0,1,0,0,1,0,0,0,0,0,1,0,0,0,0,21,45
Ca2RuO4,0,1,1,1,2,0,0,0,1,0,0,1,0,0,0,0,21,45
NbO2,0,1,0,0,2,1,0,0,0,1,0,0,0,0,0,0,21,45
Sr2TiO4,1,0,1,0,0,1,0,0,0,1,0,0,0,0,0,0,21,45
Ti2O3,1,0,1,1,2,0,0,0,0,0,0,0,0,0,1,0,21,45
Cr2O3,0,1,0,1,0,1,0,0,0,0,0,1,0,0,0,0,21,45
KVO3,1,0,1,0,0,0,1,0,0,0,0,0,0,1,0,0,21,45
BaVS3,0,1,0,0,2,0,0,0,0,0,0,1,0,0,0,0,21,45
SrCrO3,1,0,1,1,1,1,1,0,0,0,0,0,0,0,0,0,21,45
LaRuO3,1,0,0,0,1,1,1,1,0,1,0,0,0,0,0,1,22,68
LaFeO3,0,1,1,1,0,1,1,1,0,1,0,0,0,0,1,1,22,68
LaNiO3,1,0,1,1,1,1,1,1,1,1,0,0,0,0,1,1,22,68
CaFeO3,1,0,1,1,2,1,1,1,0,1,0,0,0,0,1,1,22,68
ReO3,0,1,1,0,1,1,1,1,0,1,0,0,0,0,0,1,22,68
MoO2,1,0,1,1,1,1,1,1,1,1,0,0,0,0,0,1,22,68
MoO3,0,1,0,1,0,1,1,1,0,1,0,0,0,0,0,1,22,68
Ag2BiO3,1,0,1,1,2,1,1,1,0,1,0,0,1,0,1,1,22,68
TiO,1,0,1,1,1,1,1,1,0,1,0,0,0,0,0,1,22,68
MnO,0,1,1,1,0,1,1,1,0,1,0,0,0,0,1,1,22,68
Ca2RuO4,0,1,1,1,2,1,1,1,0,1,0,0,0,0,0,1,22,68
NbO2,1,0,1,1,2,1,1,1,0,1,0,0,0,0,0,1,22,68
Sr2TiO4,0,1,0,1,0,0,0,0,0,1,0,0,0,0,0,0,22,68
Ti2O3,1,0,1,1,2,1,1,1,0,1,0,0,0,0,0,1,22,68
Cr2O3,0,1,1,1,0,0,1,1,1,1,0,0,0,0,1,1,22,68
KVO3,0,1,0,1,0,0,0,0,0,1,0,0,0,0,0,0,22,68
BaVS3,1,0,1,1,2,1,1,1,0,1,0,0,0,0,1,1,22,68
SrCrO3,1,0,1,1,1,1,1,1,0,1,0,0,0,0,0,1,22,68
LaRuO3,1,0,1,1,1,0,0,0,1,1,0,0,0,0,1,1,23,61
LaFeO3,1,0,0,0,0,0,0,0,1,1,0,0,0,0,1,1,23,61
LaNiO3,0,1,1,0,1,0,0,1,1,1,0,0,0,0,1,1,23,61
CaFeO3,1,0,0,0,2,0,0,0,0,1,0,0,0,1,0,0,23,61
ReO3,1,0,0,1,1,0,0,0,1,1,0,0,0,0,0,1,23,61
MoO2,0,1,0,0,1,0,1,0,0,1,0,0,0,0,0,0,23,61
MoO3,1,0,0,0,0,0,0,0,0,1,0,0,0,0,1,0,23,61
Ag2BiO3,0,1,0,0,2,0,0,0,1,0,0,0,0,0,0,0,23,61
TiO,1,0,1,1,1,0,0,0,0,1,0,1,0,0,0,0,23,61
MnO,0,1,1,1,0,0,0,0,0,1,0,0,0,0,0,1,23,61
Ca2RuO4,0,1,1,1,2,0,0,0,0,1,0,0,0,0,1,1,23,61
NbO2,0,1,1,1,2,0,1,0,0,1,0,0,0,0,0,0,23,61
Sr2TiO4,0,1,0,1,0,0,0,0,1,0,0,1,1,0,0,0,23,61
Ti2O3,0,1,1,1,2,1,1,0,0,1,0,1,0,0,1,0,23,61
Cr2O3,0,1,0,1,0,0,1,0,0,1,0,0,0,0,1,0,23,61
KVO3,0,1,0,1,0,0,1,0,0,1,0,0,0,0,0,1,23,61
BaVS3,0,1,1,1,2,0,0,0,1,0,0,0,0,0,0,0,23,61
SrCrO3,0,1,1,0,1,0,1,0,0,0,0,0,1,0,0,0,23,61
LaRuO3,1,0,1,1,1,0,1,1,1,1,0,0,0,0,1,1,24,52
LaFeO3,0,1,1,1,0,0,1,0,1,1,0,0,0,0,0,1,24,52
LaNiO3,1,0,1,1,1,1,1,0,1,1,0,0,0,0,1,1,24,52
CaFeO3,0,1,1,1,2,0,1,0,1,1,0,0,0,0,1,1,24,52
ReO3,1,0,0,1,1,0,0,0,1,1,0,0,0,0,0,0,24,52
MoO2,0,1,0,0,1,0,0,0,1,1,0,0,0,0,0,0,24,52
MoO3,1,0,0,0,0,0,1,0,1,1,0,0,0,0,0,0,24,52
Ag2BiO3,1,0,0,0,2,0,1,0,1,1,0,0,0,0,1,1,24,52
TiO,1,0,0,1,1,0,1,0,1,1,0,0,0,0,0,0,24,52
MnO,0,1,1,1,0,0,0,0,1,1,0,0,0,0,1,1,24,52
Ca2RuO4,1,0,1,1,2,0,1,0,1,1,0,0,0,0,1,1,24,52
NbO2,1,0,0,0,2,0,0,0,1,1,0,0,0,0,0,0,24,52
Sr2TiO4,0,1,1,1,0,0,1,0,1,1,0,0,1,0,1,1,24,52
Ti2O3,1,0,1,1,2,0,1,0,1,1,0,0,0,0,0,0,24,52
Cr2O3,1,0,1,0,0,0,0,1,1,1,0,0,0,0,0,0,24,52
KVO3,1,0,1,0,0,0,1,0,1,1,0,0,0,0,0,1,24,52
BaVS3,0,1,1,1,2,0,1,1,0,1,0,0,0,0,0,1,24,52
SrCrO3,0,1,0,0,1,0,1,0,1,1,0,0,0,0,0,1,24,52
LaRuO3,0,1,1,0,1,0,1,1,0,0,0,0,1,0,0,1,25,45
LaFeO3,1,0,0,0,0,0,1,0,1,1,0,0,0,0,1,1,25,45
LaNiO3,0,1,1,0,1,1,1,1,1,1,0,0,1,0,1,1,25,45
CaFeO3,0,1,0,0,2,0,1,1,1,1,0,0,1,0,0,1,25,45
ReO3,0,1,1,0,1,0,1,0,1,1,0,0,0,0,1,1,25,45
MoO2,0,1,0,0,1,1,1,0,0,0,0,0,0,0,1,1,25,45
MoO3,0,1,0,1,0,0,0,0,1,0,1,0,0,0,1,1,25,45
Ag2BiO3,1,0,1,1,2,0,1,1,1,1,0,0,0,0,1,1,25,45
TiO,0,1,0,0,1,1,1,0,0,1,0,0,0,0,1,1,25,45
MnO,0,1,0,1,0,1,1,0,0,1,0,0,0,0,1,1,25,45
Ca2RuO4,1,0,1,1,2,0,1,0,0,1,0,0,1,0,1,1,25,45
NbO2,0,1,0,0,2,0,1,0,1,1,0,0,1,0,0,1,25,45
Sr2TiO4,1,0,1,0,0,1,1,0,1,0,0,0,1,0,1,1,25,45
Ti2O3,0,1,0,0,2,0,1,0,0,0,0,1,1,0,1,1,25,45
Cr2O3,0,1,0,1,0,1,0,1,0,1,0,1,0,0,0,1,25,45
KVO3,1,0,0,0,0,1,1,0,0,0,0,1,0,0,1,1,25,45
BaVS3,1,0,0,0,2,0,0,0,0,0,0,0,0,0,0,1,25,45
SrCrO3,1,0,1,1,1,1,1,0,0,1,0,0,1,0,1,1,25,45
LaRuO3,0,1,0,0,1,1,1,0,0,1,0,0,0,0,0,1,26,52
LaFeO3,0,1,0,1,0,0,1,1,0,1,0,0,0,0,1,1,26,52
LaNiO3,1,0,1,1,1,1,1,0,1,0,0,0,0,0,0,1,26,52
CaFeO3,0,1,0,0,2,0,1,0,1,0,0,0,0,0,0,1,26,52
ReO3,0,1,1,0,1,1,0,0,0,0,0,0,0,0,0,1,26,52
MoO2,1,0,1,1,1,1,1,0,1,1,0,0,0,0,0,0,26,52
MoO3,1,0,1,0,0,1,0,0,1,1,0,0,0,0,0,1,26,52
Ag2BiO3,0,1,1,1,2,1,0,0,0,0,0,0,0,0,0,1,26,52
TiO,1,0,1,1,1,1,1,0,0,1,0,0,0,0,0,0,26,52
MnO,0,1,0,1,0,0,0,0,0,1,0,0,0,0,0,1,26,52
Ca2RuO4,1,0,1,1,2,1,1,0,1,0,0,0,0,0,0,1,26,52
NbO2,0,1,0,0,2,0,1,0,0,1,0,0,0,0,1,0,26,52
Sr2TiO4,0,1,1,1,0,1,0,0,0,0,0,0,0,0,0,0,26,52
Ti2O3,0,1,1,1,2,1,0,0,0,0,0,0,0,0,0,0,26,52
Cr2O3,0,1,1,1,0,1,0,0,0,0,0,0,0,0,0,1,26,52
KVO3,1,0,1,0,0,1,0,0,0,1,0,0,0,0,0,0,26,52
BaVS3,0,1,1,1,2,1,0,0,0,1,0,0,0,0,0,0,26,52
SrCrO3,0,1,0,0,1,0,1,0,0,1,0,0,0,0,0,1,26,52
LaRuO3,1,0,1,1,1,1,0,0,1,1,0,0,0,0,1,1,27,77
LaFeO3,0,1,0,1,0,1,0,0,1,1,0,0,0,0,0,0,27,77
LaNiO3,1,0,1,1,1,1,1,1,1,1,0,0,0,1,0,1,27,77
CaFeO3,1,0,1,1,2,1,1,0,1,1,0,1,0,0,1,1,27,77
ReO3,1,0,1,1,1,1,1,0,1,1,0,0,0,0,0,1,27,77
MoO2,1,0,1,1,1,0,1,0,1,1,0,1,0,0,1,1,27,77
MoO3,0,1,0,1,0,1,0,0,1,1,0,0,0,0,0,0,27,77
Ag2BiO3,1,0,1,1,2,1,1,0,1,0,0,0,0,0,1,1,27,77
TiO,1,0,1,1,1,1,1,0,1,1,0,0,0,0,0,1,27,77
MnO,0,1,0,1,0,1,1,0,1,1,0,0,0,0,0,0,27,77
Ca2RuO4,0,1,1,1,2,1,1,0,1,1,0,0,0,0,1,1,27,77
NbO2,0,1,1,1,2,1,1,1,1,1,0,0,0,0,0,1,27,77
Sr2TiO4,0,1,0,1,0,1,0,0,1,1,0,0,0,0,0,0,27,77
Ti2O3,1,0,0,0,2,1,1,1,1,1,0,0,0,0,1,0,27,77
Cr2O3,0,1,0,1,0,0,1,0,1,1,0,0,0,0,0,0,27,77
KVO3,0,1,0,1,0,1,0,0,1,1,0,0,0,0,0,0,27,77
BaVS3,1,0,1,1,2,1,1,0,1,1,0,1,0,0,0,1,27,77
SrCrO3,1,0,1,1,1,1,1,1,1,1,0,0,0,0,0,1,27,77
LaRuO3,0,1,0,0,1,0,0,1,0,0,0,0,0,0,0,0,28,58
LaFeO3,0,1,0,1,0,0,0,1,0,0,0,0,1,0,0,0,28,58
LaNiO3,0,1,0,0,1,0,0,1,0,0,0,0,0,0,0,1,28,58
CaFeO3,1,0,1,1,2,0,0,1,0,0,0,0,0,0,0,0,28,58
ReO3,0,1,0,0,1,0,0,0,0,0,0,0,1,0,0,0,28,58
MoO2,0,1,0,0,1,0,0,0,0,0,0,0,1,0,0,0,28,58
MoO3,0,1,0,1,0,0,0,0,0,0,0,0,1,0,0,0,28,58
Ag2BiO3,0,1,0,0,2,0,0,0,0,0,0,0,1,0,0,0,28,58
TiO,0,1,0,0,1,0,0,0,0,0,0,0,1,0,0,0,28,58
MnO,0,1,0,1,0,0,0,1,0,0,0,0,1,0,0,0,28,58
Ca2RuO4,0,1,0,0,2,0,0,0,0,0,0,0,1,0,0,0,28,58
NbO2,0,1,0,0,2,0,0,0,0,0,0,0,1,0,0,0,28,58
Sr2TiO4,0,1,0,1,0,0,0,0,0,0,0,0,1,0,0,0,28,58
Ti2O3,0,1,0,0,2,0,0,0,0,0,0,0,1,0,0,0,28,58
Cr2O3,1,0,1,0,0,0,1,0,0,0,0,0,1,0,0,0,28,58
KVO3,0,1,0,1,0,0,0,0,0,0,0,0,1,0,0,0,28,58
BaVS3,0,1,0,0,2,0,0,0,0,0,0,0,1,0,0,0,28,58
SrCrO3,0,1,0,0,1,1,0,1,0,0,0,0,0,0,0,1,28,58
LaRuO3,1,0,0,1,1,0,0,1,0,1,0,0,0,0,1,0,29,84
LaFeO3,0,1,0,1,0,0,0,0,0,1,0,0,0,0,1,0,29,84
LaNiO3,1,0,1,1,1,1,0,1,0,0,0,0,0,1,0,0,29,84
CaFeO3,1,0,1,1,2,0,0,0,0,1,0,0,0,0,0,0,29,84
ReO3,1,0,0,1,1,0,0,0,0,1,0,0,0,0,1,0,29,84
MoO2,1,0,1,1,1,0,0,1,0,0,0,0,0,0,1,0,29,84
MoO3,0,1,0,1,0,1,0,0,0,1,0,0,0,0,1,0,29,84
Ag2BiO3,0,1,1,1,2,0,0,0,0,0,0,0,1,0,0,0,29,84
TiO,1,0,1,1,1,1,0,1,0,1,0,0,0,0,1,0,29,84
MnO,0,1,0,1,0,0,1,1,0,0,0,0,0,0,1,0,29,84
Ca2RuO4,0,1,1,1,2,0,0,0,0,0,0,0,0,0,0,1,29,84
NbO2,1,0,1,1,2,0,1,0,0,0,0,0,0,0,0,0,29,84
Sr2TiO4,0,1,0,1,0,0,0,0,0,1,0,0,0,0,1,0,29,84
Ti2O3,1,0,1,1,2,1,0,1,0,0,0,0,0,0,0,0,29,84
Cr2O3,0,1,0,1,0,0,0,0,0,1,0,0,0,0,1,0,29,84
KVO3,0,1,0,1,0,0,1,0,0,1,0,0,0,0,1,0,29,84
BaVS3,1,0,1,1,2,0,0,0,0,1,0,0,1,0,1,0,29,84
SrCrO3,1,0,1,1,1,0,0,1,0,1,0,0,0,0,1,1,29,84
LaRuO3,1,0,1,1,1,1,1,1,1,1,0,0,0,0,1,1,30,74
LaFeO3,0,1,0,1,0,1,1,1,1,1,0,0,0,0,1,1,30,74
LaNiO3,1,0,1,1,1,1,1,1,1,1,0,0,0,0,1,1,30,74
CaFeO3,0,1,1,1,2,1,1,1,1,1,0,0,0,0,1,1,30,74
ReO3,1,0,0,1,1,1,1,1,1,1,0,0,0,0,1,1,30,74
MoO2,1,0,1,1,1,1,1,1,1,1,0,0,0,0,1,1,30,74
MoO3,0,1,1,1,0,1,1,1,1,1,0,0,0,0,1,1,30,74
Ag2BiO3,1,0,1,1,2,1,1,1,1,1,0,0,1,1,1,1,30,74
TiO,1,0,1,1,1,1,1,1,1,1,0,0,0,1,1,1,30,74
MnO,0,1,1,1,0,1,1,1,1,1,0,0,0,0,1,1,30,74
Ca2RuO4,1,0,1,1,2,1,1,1,1,1,0,0,0,0,1,1,30,74
NbO2,0,1,1,1,2,1,1,1,1,1,0,0,0,1,1,1,30,74
Sr2TiO4,0,1,0,1,0,1,1,1,1,1,0,0,0,0,1,1,30,74
Ti2O3,1,0,1,1,2,1,1,1,1,1,0,0,0,0,1,1,30,74
Cr2O3,0,1,1,1,0,1,1,1,1,1,0,0,0,0,1,1,30,74
KVO3,0,1,0,1,0,1,1,1,1,1,0,0,0,0,1,1,30,74
BaVS3,1,0,1,1,2,1,1,1,1,1,0,0,0,0,1,1,30,74
SrCrO3,1,0,1,1,1,1,1,1,1,1,0,0,0,0,1,1,30,74
LaRuO3,1,0,1,1,1,1,1,0,0,1,0,0,0,0,1,0,31,74
LaFeO3,0,1,0,1,0,1,1,0,0,1,0,0,0,0,1,1,31,74
LaNiO3,1,0,0,1,1,0,1,1,0,1,0,0,0,0,1,1,31,74
CaFeO3,1,0,1,1,2,1,0,1,0,1,0,0,0,0,1,1,31,74
ReO3,1,0,1,1,1,1,1,1,0,0,0,0,0,0,1,0,31,74
MoO2,1,0,1,1,1,1,1,0,0,1,0,0,0,0,0,0,31,74
MoO3,0,1,1,1,0,1,1,0,0,1,0,0,0,0,0,0,31,74
Ag2BiO3,1,0,1,1,2,1,1,1,0,1,0,0,0,0,1,0,31,74
TiO,0,1,0,0,1,0,1,0,0,1,0,0,0,0,1,1,31,74
MnO,0,1,0,1,0,1,1,0,0,1,0,0,0,0,0,1,31,74
Ca2RuO4,1,0,0,0,2,1,1,1,0,1,0,0,0,0,1,0,31,74
NbO2,0,1,1,1,2,1,1,0,0,1,0,0,0,0,0,0,31,74
Sr2TiO4,0,1,0,1,0,1,1,0,0,0,0,0,0,0,1,1,31,74
Ti2O3,0,1,0,0,2,1,0,0,0,1,0,0,0,0,1,1,31,74
Cr2O3,0,1,0,1,0,1,1,0,0,1,0,0,0,0,1,1,31,74
KVO3,0,1,0,1,0,0,1,0,0,1,0,0,0,0,1,1,31,74
BaVS3,1,0,1,1,2,0,1,0,0,1,0,0,0,0,0,1,31,74
SrCrO3,0,1,0,0,1,1,1,0,0,0,0,0,0,0,1,1,31,74
LaRuO3,0,1,1,0,1,1,1,0,1,1,0,0,0,0,1,1,32,48
LaFeO3,0,1,1,1,0,1,1,0,1,1,0,0,1,0,1,0,32,48
LaNiO3,1,0,1,1,1,1,1,0,0,1,0,0,0,0,1,1,32,48
CaFeO3,1,0,1,1,2,1,1,0,1,1,0,0,0,0,1,0,32,48
ReO3,1,0,0,1,1,1,1,1,0,0,0,0,0,0,0,0,32,48
MoO2,0,1,0,0,1,1,1,0,0,0,0,0,0,0,0,0,32,48
MoO3,1,0,0,0,0,1,1,0,0,1,0,1,0,0,0,0,32,48
Ag2BiO3,1,0,0,0,2,1,1,1,1,1,0,0,0,0,1,1,32,48
TiO,0,1,0,0,1,1,1,1,1,1,0,0,0,0,0,0,32,48
MnO,1,0,1,0,0,1,1,1,1,1,0,0,0,0,0,0,32,48
Ca2RuO4,1,0,1,1,2,1,1,0,1,1,0,0,0,0,1,1,32,48
NbO2,1,0,0,0,2,1,1,1,1,1,0,0,0,0,0,0,32,48
Sr2TiO4,0,1,0,1,0,1,1,0,1,1,0,0,0,0,0,0,32,48
Ti2O3,0,1,0,0,2,1,1,0,1,0,0,0,0,0,0,0,32,48
Cr2O3,1,0,0,0,0,1,1,0,0,1,0,0,0,0,0,0,32,48
KVO3,0,1,0,1,0,1,1,0,1,1,0,0,0,0,1,0,32,48
BaVS3,1,0,0,0,2,0,1,0,1,0,0,1,0,0,1,0,32,48
SrCrO3,1,0,1,1,1,1,1,0,0,1,0,0,0,0,1,0,32,48
LaRuO3,1,0,1,1,1,0,1,1,1,1,0,1,1,1,1,1,33,55
LaFeO3,1,0,1,0,0,1,1,1,1,1,0,1,1,0,1,1,33,55
LaNiO3,1,0,1,1,1,1,1,1,1,1,1,1,1,1,1,1,33,55
CaFeO3,1,0,1,1,2,1,1,1,1,1,1,1,1,1,1,1,33,55
ReO3,0,1,0,0,1,0,1,1,1,1,1,1,1,1,1,1,33,55
MoO2,1,0,0,1,1,1,1,1,1,1,1,1,1,1,1,0,33,55
MoO3,0,1,0,1,0,0,0,0,1,1,1,1,1,1,1,1,33,55
Ag2BiO3,1,0,1,1,2,0,1,1,1,1,1,0,1,1,1,0,33,55
TiO,0,1,0,0,1,0,0,0,0,0,0,1,1,0,0,0,33,55
MnO,0,1,0,1,0,0,0,0,0,0,0,0,0,1,0,0,33,55
Ca2RuO4,0,1,0,0,2,0,0,0,0,0,0,1,0,0,1,0,33,55
NbO2,1,0,0,0,2,0,0,0,0,0,0,1,0,0,0,0,33,55
Sr2TiO4,0,1,1,1,0,0,0,1,0,0,0,0,1,0,0,0,33,55
Ti2O3,0,1,1,1,2,1,0,0,0,1,0,0,1,0,1,0,33,55
Cr2O3,0,1,1,1,0,0,1,1,1,0,0,1,0,1,1,0,33,55
KVO3,1,0,1,0,0,1,1,1,1,0,0,0,1,1,0,0,33,55
BaVS3,1,0,1,1,2,0,0,1,1,1,0,0,1,0,1,1,33,55
SrCrO3,1,0,1,1,1,0,0,0,0,0,1,1,0,1,0,0,33,55
LaRuO3,0,1,1,0,1,1,1,1,1,0,1,1,0,1,1,0,34,55
LaFeO3,0,1,0,1,0,1,1,1,1,1,1,1,0,0,1,1,34,55
LaNiO3,1,0,0,1,1,1,0,1,0,1,1,1,0,1,1,0,34,55
CaFeO3,0,1,0,0,2,0,0,1,0,0,0,0,0,0,0,0,34,55
ReO3,1,0,1,1,1,0,1,0,0,1,1,0,0,0,0,0,34,55
MoO2,0,1,1,0,1,0,1,1,1,0,0,0,0,0,1,0,34,55
MoO3,1,0,1,0,0,1,0,0,1,1,0,0,0,0,0,0,34,55
Ag2BiO3,0,1,1,1,2,0,0,1,1,0,0,0,0,1,0,0,34,55
TiO,1,0,1,1,1,1,0,0,0,0,0,0,0,0,0,0,34,55
MnO,1,0,0,0,0,0,0,0,0,0,0,0,0,0,0,1,34,55
Ca2RuO4,1,0,1,1,2,1,0,0,0,0,0,0,0,0,0,0,34,55
NbO2,1,0,0,0,2,1,0,0,0,0,0,0,0,0,0,0,34,55
Sr2TiO4,0,1,0,1,0,1,0,1,0,0,1,0,0,0,0,0,34,55
Ti2O3,0,1,1,1,2,1,0,0,0,0,0,0,0,0,0,0,34,55
Cr2O3,0,1,0,1,0,0,0,1,0,0,0,0,0,0,0,0,34,55
KVO3,0,1,1,1,0,1,0,0,0,0,0,0,0,0,0,0,34,55
BaVS3,1,0,1,1,2,1,0,0,0,0,0,0,0,0,0,0,34,55
SrCrO3,1,0,1,1,1,1,0,0,0,0,0,0,0,0,0,0,34,55
LaRuO3,1,0,0,1,1,0,0,0,1,1,0,0,0,0,0,0,35,48
LaFeO3,1,0,0,0,0,0,1,0,1,0,0,0,0,0,0,0,35,48
LaNiO3,0,1,1,0,1,0,0,0,1,1,0,0,0,0,1,0,35,48
CaFeO3,1,0,0,0,2,0,0,0,1,1,0,0,0,0,1,0,35,48
ReO3,0,1,1,0,1,0,0,0,0,1,0,1,0,0,1,1,35,48
MoO2,0,1,0,0,1,0,0,0,0,1,0,0,0,0,0,0,35,48
MoO3,0,1,0,1,0,0,0,0,1,0,0,0,0,0,0,0,35,48
Ag2BiO3,1,0,1,1,2,0,0,0,0,0,0,0,0,0,0,0,35,48
TiO,0,1,0,0,1,0,0,0,0,1,0,0,0,0,0,0,35,48
MnO,1,0,0,0,0,0,0,0,0,1,0,0,0,0,0,0,35,48
Ca2RuO4,1,0,0,0,2,0,0,0,0,1,0,0,0,0,0,0,35,48
NbO2,1,0,0,0,2,0,0,0,0,1,0,0,0,0,0,0,35,48
Sr2TiO4,0,1,0,1,0,0,0,0,0,1,0,0,0,0,0,0,35,48
Ti2O3,1,0,0,0,2,0,0,0,0,1,0,0,0,0,0,0,35,48
Cr2O3,0,1,0,1,0,0,0,0,0,0,0,0,0,0,1,0,35,48
KVO3,0,1,1,1,0,0,0,0,0,1,0,0,0,0,0,0,35,48
BaVS3,1,0,0,0,2,0,0,0,0,1,0,0,0,0,0,0,35,48
SrCrO3,0,1,0,0,1,0,0,0,0,1,0,0,0,0,0,0,35,48
LaRuO3,1,0,1,1,1,0,1,1,0,1,0,1,0,0,0,0,36,58
LaFeO3,1,0,0,0,0,0,1,1,0,1,1,0,0,0,0,0,36,58
LaNiO3,0,1,1,0,1,0,1,1,1,1,0,0,0,0,0,1,36,58
CaFeO3,0,1,0,0,2,0,1,1,0,1,0,1,0,0,0,0,36,58
ReO3,0,1,0,0,1,0,1,0,1,1,0,0,0,0,0,0,36,58
MoO2,1,0,0,1,1,0,1,0,1,1,0,0,0,0,0,0,36,58
MoO3,0,1,0,1,0,0,1,0,1,1,0,0,0,0,0,0,36,58
Ag2BiO3,1,0,1,1,2,0,1,1,1,1,1,1,0,0,0,0,36,58
TiO,1,0,1,1,1,0,1,0,0,1,0,0,0,0,1,1,36,58
MnO,0,1,1,1,0,0,1,1,1,1,0,0,0,0,0,1,36,58
Ca2RuO4,1,0,0,0,2,0,1,0,1,1,0,0,0,0,0,0,36,58
NbO2,1,0,1,1,2,0,1,1,1,1,0,0,0,0,0,1,36,58
Sr2TiO4,0,1,0,1,0,0,0,0,0,1,0,0,0,0,0,0,36,58
Ti2O3,1,0,1,1,2,0,1,0,1,1,0,0,0,0,1,1,36,58
Cr2O3,1,0,1,0,0,0,1,1,1,1,0,0,0,0,0,1,36,58
KVO3,0,1,0,1,0,0,0,0,0,1,0,0,0,0,0,0,36,58
BaVS3,1,0,1,1,2,0,1,0,1,1,0,0,0,0,0,1,36,58
SrCrO3,1,0,1,1,1,0,1,0,1,1,0,0,0,0,1,0,36,58
LaRuO3,0,1,1,0,1,0,1,0,1,1,0,0,0,0,1,1,37,48
LaFeO3,0,1,1,1,0,0,1,0,1,1,0,0,0,0,1,1,37,48
LaNiO3,0,1,1,0,1,0,1,0,1,1,0,0,0,0,1,1,37,48
CaFeO3,0,1,0,0,2,0,1,0,1,1,0,0,0,0,1,1,37,48
ReO3,0,1,0,0,1,0,1,0,1,1,0,0,0,0,1,1,37,48
MoO2,1,0,0,1,1,0,1,0,1,1,0,0,0,0,1,1,37,48
MoO3,0,1,0,1,0,0,1,0,1,0,0,0,0,0,1,1,37,48
Ag2BiO3,1,0,0,0,2,0,1,0,1,1,0,0,0,0,1,1,37,48
TiO,1,0,1,1,1,0,1,0,1,1,0,0,0,0,1,1,37,48
MnO,1,0,0,0,0,0,1,0,1,1,0,0,0,0,1,1,37,48
Ca2RuO4,0,1,0,0,2,0,1,0,0,1,0,0,0,0,1,1,37,48
NbO2,0,1,1,1,2,0,1,0,1,1,0,0,0,0,1,1,37,48
Sr2TiO4,1,0,1,0,0,0,1,0,1,1,0,0,0,0,1,1,37,48
Ti2O3,0,1,1,1,2,0,1,0,1,1,0,0,0,0,1,1,37,48
Cr2O3,0,1,0,1,0,0,1,0,1,1,0,0,0,0,1,1,37,48
KVO3,1,0,0,0,0,0,1,0,1,1,0,0,0,0,1,1,37,48
BaVS3,0,1,0,0,2,0,1,0,1,1,0,0,0,0,1,1,37,48
SrCrO3,0,1,0,0,1,0,1,0,1,1,0,0,0,0,1,1,37,48
LaRuO3,1,0,1,1,1,1,1,0,1,0,0,0,0,0,0,0,38,48
LaFeO3,1,0,1,0,0,1,1,0,1,0,0,0,1,0,0,0,38,48
LaNiO3,1,0,1,1,1,1,1,0,1,0,0,0,1,0,0,0,38,48
CaFeO3,0,1,0,0,2,1,1,0,1,0,0,0,0,0,0,0,38,48
ReO3,0,1,0,0,1,1,1,0,0,0,0,0,0,0,0,0,38,48
MoO2,0,1,0,0,1,1,1,0,1,0,0,0,0,0,0,0,38,48
MoO3,0,1,0,1,0,1,1,0,0,0,0,0,1,0,0,0,38,48
Ag2BiO3,0,1,0,0,2,1,1,0,0,0,0,0,0,0,0,0,38,48
TiO,0,1,0,0,1,1,1,0,0,0,0,0,0,0,0,0,38,48
MnO,0,1,0,1,0,1,1,0,0,0,0,0,0,0,0,0,38,48
Ca2RuO4,0,1,1,1,2,1,1,0,1,0,0,0,1,0,0,0,38,48
NbO2,0,1,0,0,2,1,0,0,0,0,0,0,0,0,0,0,38,48
Sr2TiO4,1,0,1,0,0,1,1,0,0,0,0,0,1,0,0,0,38,48
Ti2O3,0,1,0,0,2,1,1,0,0,0,0,0,0,0,0,0,38,48
Cr2O3,0,1,0,1,0,1,1,0,0,0,0,0,0,0,0,0,38,48
KVO3,0,1,1,1,0,1,1,0,0,0,0,0,0,0,0,0,38,48
BaVS3,1,0,1,1,2,1,1,0,0,0,0,0,1,0,0,0,38,48
SrCrO3,0,1,1,0,1,1,1,0,0,0,0,0,0,0,0,0,38,48
LaRuO3,1,0,0,1,1,1,0,1,1,1,0,0,0,0,0,1,39,74
LaFeO3,0,1,1,1,0,0,0,1,0,1,0,0,0,0,0,0,39,74
LaNiO3,1,0,1,1,1,1,1,1,1,1,0,0,1,0,0,0,39,74
CaFeO3,0,1,1,1,2,1,0,0,1,1,0,0,0,0,0,1,39,74
ReO3,1,0,0,1,1,1,1,1,1,1,0,1,1,0,0,0,39,74
MoO2,1,0,0,1,1,1,1,1,0,1,0,1,0,0,1,0,39,74
MoO3,0,1,0,1,0,1,1,0,0,1,0,0,0,0,0,0,39,74
Ag2BiO3,0,1,1,1,2,0,1,1,1,0,0,0,1,0,1,0,39,74
TiO,1,0,1,1,1,0,1,0,1,1,0,0,0,0,0,0,39,74
MnO,0,1,0,1,0,0,1,1,0,1,0,0,1,0,0,1,39,74
Ca2RuO4,1,0,1,1,2,0,1,1,1,1,0,0,0,0,0,1,39,74
NbO2,1,0,1,1,2,0,1,0,0,0,0,0,0,0,0,0,39,74
Sr2TiO4,1,0,1,0,0,0,1,0,1,1,0,0,0,0,0,1,39,74
Ti2O3,1,0,1,1,2,0,0,0,0,0,0,0,0,0,0,1,39,74
Cr2O3,0,1,0,1,0,0,1,0,0,1,0,0,0,0,0,1,39,74
KVO3,1,0,1,0,0,1,0,0,0,0,0,1,0,0,0,1,39,74
BaVS3,1,0,1,1,2,0,0,0,0,1,0,0,0,0,0,0,39,74
SrCrO3,1,0,0,1,1,1,1,0,1,1,0,0,0,0,0,0,39,74
LaRuO3,1,0,1,1,1,1,0,0,1,1,0,0,0,0,1,1,40,74
LaFeO3,0,1,0,1,0,1,0,0,1,1,0,0,0,0,1,0,40,74
LaNiO3,1,0,1,1,1,1,0,0,1,1,0,0,0,0,1,1,40,74
CaFeO3,0,1,1,1,2,1,0,0,1,1,0,0,0,0,1,1,40,74
ReO3,1,0,0,1,1,0,0,0,1,1,0,0,0,0,1,0,40,74
MoO2,1,0,1,1,1,1,0,0,1,1,0,0,0,0,1,1,40,74
MoO3,0,1,0,1,0,0,0,0,1,1,0,0,0,0,0,0,40,74
Ag2BiO3,0,1,0,0,2,0,0,0,1,1,0,0,0,0,0,0,40,74
TiO,1,0,1,1,1,0,0,0,1,1,0,0,0,0,1,1,40,74
MnO,0,1,0,1,0,0,0,0,0,1,0,0,0,0,0,0,40,74
Ca2RuO4,1,0,0,0,2,0,0,0,1,1,0,0,0,0,0,1,40,74
NbO2,0,1,1,1,2,0,1,0,1,1,0,0,0,0,0,1,40,74
Sr2TiO4,0,1,0,1,0,0,0,0,1,1,0,0,0,0,0,0,40,74
Ti2O3,1,0,1,1,2,0,0,0,0,1,0,0,0,0,1,1,40,74
Cr2O3,0,1,0,1,0,0,0,0,1,1,0,0,0,0,1,0,40,74
KVO3,0,1,0,1,0,0,0,0,1,1,0,0,0,0,0,0,40,74
BaVS3,1,0,0,0,2,0,1,0,1,1,0,0,0,0,0,0,40,74
SrCrO3,1,0,1,1,1,0,1,0,1,1,0,0,0,0,0,1,40,74
LaRuO3,0,1,0,0,1,1,1,1,0,1,0,0,0,0,1,0,41,61
LaFeO3,0,1,0,1,0,0,1,0,1,1,0,0,0,0,1,0,41,61
LaNiO3,1,0,0,1,1,0,1,1,1,1,0,0,0,0,0,0,41,61
CaFeO3,0,1,0,0,2,0,1,0,0,1,0,0,0,0,1,0,41,61
ReO3,1,0,0,1,1,0,1,1,0,1,0,0,0,0,1,0,41,61
MoO2,1,0,0,1,1,0,0,0,0,1,0,0,0,0,0,0,41,61
MoO3,1,0,0,0,0,0,0,0,1,1,0,0,0,0,1,0,41,61
Ag2BiO3,1,0,0,0,2,0,0,1,0,1,0,0,0,0,1,0,41,61
TiO,1,0,0,1,1,0,0,1,0,1,0,0,0,1,0,0,41,61
MnO,1,0,0,0,0,0,0,0,0,1,0,1,0,0,1,0,41,61
Ca2RuO4,1,0,0,0,2,0,1,1,0,1,1,0,0,0,0,0,41,61
NbO2,0,1,1,1,2,0,1,0,0,1,0,0,0,0,1,0,41,61
Sr2TiO4,0,1,1,1,0,0,1,0,0,1,0,0,0,0,1,0,41,61
Ti2O3,0,1,0,0,2,0,0,0,0,1,0,0,0,0,1,1,41,61
Cr2O3,1,0,0,0,0,0,0,1,1,1,0,0,0,0,1,0,41,61
KVO3,1,0,0,0,0,0,1,0,0,1,0,0,0,0,0,0,41,61
BaVS3,0,1,0,0,2,1,0,0,1,1,0,0,0,0,0,0,41,61
SrCrO3,0,1,0,0,1,0,0,0,0,1,0,1,0,0,1,0,41,61
LaRuO3,1,0,1,1,1,1,0,1,0,1,0,1,0,0,1,0,42,68
LaFeO3,0,1,0,1,0,1,0,0,1,1,0,0,0,0,0,0,42,68
LaNiO3,0,1,0,0,1,1,0,0,1,1,0,0,0,0,0,0,42,68
CaFeO3,0,1,0,0,2,1,0,0,1,1,0,0,0,0,0,0,42,68
ReO3,1,0,1,1,1,1,1,1,1,1,0,1,0,0,1,0,42,68
MoO2,1,0,0,1,1,1,1,1,1,1,0,1,0,0,1,0,42,68
MoO3,0,1,1,1,0,1,1,1,1,1,0,1,0,0,1,0,42,68
Ag2BiO3,0,1,1,1,2,1,1,1,1,1,0,1,0,0,1,0,42,68
TiO,0,1,0,0,1,1,0,0,1,1,0,1,0,0,0,0,42,68
MnO,1,0,0,0,0,1,1,1,1,1,0,1,0,0,0,0,42,68
Ca2RuO4,1,0,1,1,2,1,1,1,1,1,0,1,0,0,1,0,42,68
NbO2,1,0,1,1,2,1,1,1,1,1,0,1,0,0,1,0,42,68
Sr2TiO4,0,1,0,1,0,1,0,0,1,1,0,0,0,0,0,0,42,68
Ti2O3,1,0,0,0,2,1,0,1,1,1,0,1,0,0,0,0,42,68
Cr2O3,0,1,0,1,0,1,0,1,1,1,0,1,0,0,0,0,42,68
KVO3,0,1,0,1,0,1,1,1,1,1,0,1,0,0,0,0,42,68
BaVS3,1,0,1,1,2,1,1,1,1,1,0,1,0,0,1,0,42,68
SrCrO3,1,0,1,1,1,1,1,1,1,1,0,1,0,0,1,1,42,68
LaRuO3,1,0,1,1,1,1,0,1,0,1,0,1,0,0,1,0,43,48
LaFeO3,0,1,1,1,0,0,1,0,0,0,0,0,1,0,1,0,43,48
LaNiO3,1,0,1,1,1,0,0,0,0,1,0,0,1,0,1,1,43,48
CaFeO3,0,1,0,0,2,0,0,0,0,1,0,1,1,0,1,0,43,48
ReO3,0,1,0,0,1,0,0,0,0,0,0,1,0,0,0,0,43,48
MoO2,0,1,0,0,1,0,0,0,0,1,0,1,0,0,0,0,43,48
MoO3,0,1,1,1,0,1,0,0,1,0,0,0,0,0,0,0,43,48
Ag2BiO3,1,0,1,1,2,0,0,0,0,0,0,1,1,0,0,0,43,48
TiO,1,0,1,1,1,1,0,0,1,0,0,0,0,0,0,0,43,48
MnO,1,0,1,0,0,0,0,0,1,0,0,1,0,0,0,0,43,48
Ca2RuO4,0,1,0,0,2,0,0,0,0,0,0,1,0,0,0,0,43,48
NbO2,0,1,0,0,2,1,0,0,0,0,0,0,0,0,0,0,43,48
Sr2TiO4,1,0,1,0,0,0,0,0,0,0,0,1,0,0,1,0,43,48
Ti2O3,1,0,1,1,2,1,0,0,0,0,0,1,0,0,0,0,43,48
Cr2O3,0,1,0,1,0,1,0,0,0,0,0,1,0,0,0,0,43,48
KVO3,0,1,0,1,0,0,0,0,0,0,0,1,0,0,0,0,43,48
BaVS3,1,0,1,1,2,0,0,0,1,1,0,1,0,0,0,0,43,48
SrCrO3,0,1,0,0,1,0,0,0,1,0,0,1,0,0,0,0,43,48
LaRuO3,1,0,1,1,1,0,1,0,0,0,0,0,0,0,1,0,44,65
LaFeO3,0,1,0,1,0,0,0,0,0,0,0,0,0,0,1,1,44,65
LaNiO3,0,1,1,0,1,0,0,0,0,0,0,0,0,0,1,1,44,65
CaFeO3,0,1,0,0,2,0,0,1,0,0,0,0,0,0,0,1,44,65
ReO3,0,1,0,0,1,0,1,0,0,0,0,0,0,0,1,0,44,65
MoO2,1,0,1,1,1,0,1,0,1,0,0,0,0,0,1,1,44,65
MoO3,0,1,0,1,0,0,0,0,1,0,0,0,0,0,0,0,44,65
Ag2BiO3,0,1,0,0,2,0,0,0,1,1,0,0,0,0,0,0,44,65
TiO,1,0,0,1,1,0,0,0,0,1,0,0,0,0,0,1,44,65
MnO,0,1,0,1,0,0,0,0,0,0,0,0,0,0,1,1,44,65
Ca2RuO4,1,0,1,1,2,0,0,0,0,0,0,0,0,0,0,1,44,65
NbO2,1,0,1,1,2,0,1,0,0,0,0,0,0,0,0,0,44,65
Sr2TiO4,0,1,0,1,0,0,0,0,0,1,0,0,0,0,0,1,44,65
Ti2O3,1,0,0,0,2,0,0,0,1,1,0,0,0,0,0,1,44,65
Cr2O3,0,1,1,1,0,0,0,0,0,1,0,0,0,0,0,0,44,65
KVO3,0,1,0,1,0,0,0,0,0,1,0,0,0,0,0,1,44,65
BaVS3,1,0,1,1,2,0,0,0,0,0,0,1,1,0,1,0,44,65
SrCrO3,0,1,0,0,1,0,0,0,0,1,0,0,0,0,0,1,44,65
LaRuO3,1,0,1,1,1,0,1,0,0,1,0,0,0,0,1,1,45,74
LaFeO3,1,0,0,0,0,0,0,0,1,1,0,0,0,1,0,0,45,74
LaNiO3,1,0,1,1,1,0,0,0,1,0,0,0,0,0,1,1,45,74
CaFeO3,0,1,0,0,2,0,0,0,0,0,0,0,0,0,0,1,45,74
ReO3,1,0,0,1,1,0,0,0,0,1,0,0,0,0,0,0,45,74
MoO2,1,0,1,1,1,0,1,0,0,1,0,0,0,0,0,1,45,74
MoO3,0,1,0,1,0,0,0,0,1,1,0,0,0,0,0,1,45,74
Ag2BiO3,1,0,0,0,2,0,0,0,0,1,0,0,0,0,0,0,45,74
TiO,1,0,0,1,1,1,0,0,1,1,0,0,0,0,0,1,45,74
MnO,0,1,0,1,0,0,0,0,0,0,0,0,0,0,0,1,45,74
Ca2RuO4,1,0,1,1,2,0,0,0,0,1,0,0,0,0,1,1,45,74
NbO2,1,0,1,1,2,1,0,0,1,1,0,0,0,0,0,1,45,74
Sr2TiO4,0,1,0,1,0,0,1,0,0,1,0,0,1,0,0,1,45,74
Ti2O3,0,1,0,0,2,0,0,0,0,1,0,0,0,0,0,1,45,74
Cr2O3,0,1,0,1,0,1,0,0,0,1,0,0,0,0,0,1,45,74
KVO3,0,1,0,1,0,0,0,0,1,1,0,0,0,0,0,0,45,74
BaVS3,1,0,1,1,2,1,0,0,0,1,0,0,0,0,0,1,45,74
SrCrO3,1,0,0,1,1,0,1,0,0,1,0,0,0,0,0,1,45,74
LaRuO3,0,1,1,0,1,0,0,0,1,1,0,0,0,0,0,0,46,65
LaFeO3,1,0,1,0,0,0,1,0,0,1,0,0,0,0,1,0,46,65
LaNiO3,1,0,1,1,1,0,0,0,1,1,0,0,0,0,1,0,46,65
CaFeO3,0,1,0,0,2,0,0,0,0,1,0,0,0,0,0,0,46,65
ReO3,1,0,0,1,1,0,0,0,1,0,0,0,1,1,0,0,46,65
MoO2,1,0,1,1,1,0,1,0,1,0,0,0,0,0,0,0,46,65
MoO3,0,1,0,1,0,1,0,0,1,1,0,0,0,0,0,0,46,65
Ag2BiO3,1,0,0,0,2,1,0,0,0,1,0,0,0,0,1,0,46,65
TiO,0,1,0,0,1,1,0,0,0,0,0,0,0,0,0,0,46,65
MnO,0,1,0,1,0,1,0,1,0,0,0,0,0,0,0,0,46,65
Ca2RuO4,1,0,1,1,2,1,1,0,0,1,0,0,0,0,0,0,46,65
NbO2,0,1,0,0,2,0,0,0,0,0,0,0,0,0,1,0,46,65
Sr2TiO4,0,1,0,1,0,1,0,0,0,1,0,0,0,0,1,0,46,65
Ti2O3,0,1,0,0,2,1,1,0,0,0,0,0,0,0,0,0,46,65
Cr2O3,0,1,0,1,0,0,0,0,0,1,1,0,0,0,0,0,46,65
KVO3,0,1,0,1,0,1,0,0,0,1,0,0,0,0,0,0,46,65
BaVS3,1,0,1,1,2,0,0,0,0,1,0,0,0,0,1,0,46,65
SrCrO3,1,0,0,1,1,0,1,0,0,0,0,1,0,0,1,0,46,65
LaRuO3,1,0,0,1,1,0,0,0,0,1,0,0,0,0,0,1,47,68
LaFeO3,1,0,0,0,0,0,0,0,1,0,0,0,0,0,0,1,47,68
LaNiO3,1,0,0,1,1,0,0,0,0,1,0,0,0,0,0,0,47,68
CaFeO3,0,1,0,0,2,0,0,0,0,1,0,0,0,0,0,0,47,68
ReO3,0,1,0,0,1,0,0,0,0,1,0,0,0,0,0,1,47,68
MoO2,1,0,0,1,1,0,0,0,0,1,0,0,0,0,0,1,47,68
MoO3,0,1,0,1,0,0,0,0,0,1,0,0,0,0,0,0,47,68
Ag2BiO3,0,1,0,0,2,0,0,0,0,1,0,0,0,0,0,0,47,68
TiO,1,0,1,1,1,0,0,0,0,1,0,0,0,0,0,0,47,68
MnO,1,0,0,0,0,1,0,0,0,1,0,0,0,0,0,0,47,68
Ca2RuO4,0,1,0,0,2,0,0,0,0,1,0,0,0,0,0,0,47,68
NbO2,1,0,0,0,2,0,0,0,0,1,0,0,0,0,0,0,47,68
Sr2TiO4,0,1,0,1,0,0,0,0,0,1,0,0,0,0,0,0,47,68
Ti2O3,1,0,1,1,2,0,0,0,0,1,0,0,0,0,0,1,47,68
Cr2O3,0,1,0,1,0,0,0,0,0,1,0,0,0,0,0,0,47,68
KVO3,0,1,0,1,0,0,0,0,0,1,0,0,0,0,0,0,47,68
BaVS3,1,0,1,1,2,1,0,0,0,1,0,0,0,0,0,0,47,68
SrCrO3,1,0,1,,1,1,0,0,0,1,0,0,0,0,0,0,47,68
LaRuO3,0,1,0,0,1,0,1,0,1,1,0,0,0,0,1,1,48,68
LaFeO3,1,0,1,0,0,1,1,0,0,0,0,0,0,0,1,1,48,68
LaNiO3,1,0,1,1,1,1,1,0,1,1,0,0,0,0,0,1,48,68
CaFeO3,1,0,1,1,2,1,1,0,0,1,0,0,0,0,1,1,48,68
ReO3,1,0,0,1,1,1,0,0,1,1,0,0,0,0,1,1,48,68
MoO2,1,0,0,1,1,1,1,0,1,1,0,0,0,0,1,1,48,68
MoO3,0,1,0,1,0,1,0,0,1,0,0,0,0,0,0,0,48,68
Ag2BiO3,1,0,1,1,2,1,0,0,1,0,0,0,0,0,1,1,48,68
TiO,0,1,0,0,1,1,0,0,1,0,0,0,0,0,0,0,48,68
MnO,0,1,1,1,0,1,1,0,1,0,0,0,0,0,1,1,48,68
Ca2RuO4,1,0,1,1,2,1,1,0,1,1,0,0,0,0,1,1,48,68
NbO2,1,0,1,1,2,1,1,0,1,1,0,0,0,0,1,1,48,68
Sr2TiO4,0,1,0,1,0,1,0,0,1,0,0,0,0,0,0,0,48,68
Ti2O3,1,0,1,1,2,1,1,0,1,1,0,0,0,0,1,1,48,68
Cr2O3,1,0,1,0,0,1,1,0,1,1,0,0,0,0,1,1,48,68
KVO3,0,1,0,1,0,1,0,0,1,0,0,0,0,0,0,0,48,68
BaVS3,1,0,1,1,2,1,1,0,1,1,0,0,0,0,1,1,48,68
SrCrO3,1,0,1,1,1,1,1,0,1,1,0,0,0,0,1,1,48,68
LaRuO3,1,0,1,1,1,0,0,0,1,1,0,0,0,0,1,1,49,55
LaFeO3,0,1,0,1,0,0,0,0,0,1,0,0,0,0,1,1,49,55
LaNiO3,1,0,1,1,1,0,0,0,0,1,0,0,0,0,1,1,49,55
CaFeO3,0,1,1,1,2,0,0,0,0,1,0,0,0,0,1,1,49,55
ReO3,0,1,0,0,1,0,1,0,0,1,0,0,0,0,1,0,49,55
MoO2,1,0,1,1,1,0,1,1,0,0,0,0,0,0,0,0,49,55
MoO3,0,1,1,1,0,0,0,1,0,1,0,0,0,0,0,0,49,55
Ag2BiO3,0,1,0,0,2,0,0,0,1,0,0,0,0,0,0,0,49,55
TiO,0,1,1,0,1,0,1,0,1,1,0,0,0,0,0,0,49,55
MnO,0,1,1,1,0,0,0,0,1,0,0,0,0,0,0,0,49,55
Ca2RuO4,0,1,1,1,2,0,0,0,0,1,0,0,0,0,1,1,49,55
NbO2,0,1,1,1,2,0,1,0,0,1,0,0,0,0,0,0,49,55
Sr2TiO4,0,1,0,1,0,0,0,0,1,0,0,0,0,0,0,0,49,55
Ti2O3,0,1,1,1,2,0,1,0,1,0,0,0,0,0,0,0,49,55
Cr2O3,1,0,1,0,0,0,1,1,0,0,0,0,0,0,0,0,49,55
KVO3,1,0,1,0,0,0,0,0,0,1,0,0,0,0,0,1,49,55
BaVS3,1,0,0,0,2,0,0,0,1,0,0,0,0,0,0,0,49,55
SrCrO3,1,0,0,1,1,0,0,0,0,1,0,0,0,0,0,0,49,55
LaRuO3,1,0,1,1,1,1,1,1,0,1,0,0,0,1,1,0,50,48
LaFeO3,0,1,1,1,0,1,1,1,0,1,0,0,0,1,1,1,50,48
LaNiO3,0,1,1,0,1,1,1,1,0,1,0,0,0,1,1,1,50,48
CaFeO3,0,1,1,1,2,1,1,1,0,1,0,0,0,1,1,1,50,48
ReO3,0,1,1,0,1,1,1,1,0,1,0,0,0,1,1,1,50,48
MoO2,1,0,1,1,1,1,1,1,0,1,0,0,0,1,1,1,50,48
MoO3,0,1,1,1,0,1,1,1,0,1,0,0,0,1,1,1,50,48
Ag2BiO3,0,1,1,1,2,1,1,1,0,1,0,0,0,1,1,1,50,48
TiO,0,1,1,0,1,1,1,1,0,1,0,0,0,1,1,1,50,48
MnO,0,1,1,1,0,1,1,1,0,1,0,0,0,1,1,1,50,48
Ca2RuO4,1,0,1,1,2,1,1,1,0,1,0,0,0,1,1,1,50,48
NbO2,0,1,1,1,2,1,1,1,0,1,0,1,0,1,1,1,50,48
Sr2TiO4,0,1,1,1,0,1,1,1,0,1,0,0,0,1,1,1,50,48
Ti2O3,0,1,1,1,2,1,1,1,0,1,0,0,0,1,1,1,50,48
Cr2O3,0,1,1,1,0,1,1,1,0,1,0,0,0,1,1,1,50,48
KVO3,0,1,1,1,0,1,1,1,0,1,0,0,0,1,1,1,50,48
BaVS3,0,1,1,1,2,1,1,1,0,1,0,0,0,1,1,1,50,48
SrCrO3,0,1,1,0,1,1,1,1,0,1,0,0,0,1,1,1,50,48
LaRuO3,1,0,1,1,1,1,1,1,0,1,0,1,1,0,0,1,51,45
LaFeO3,1,0,1,0,0,1,1,0,0,1,0,1,1,0,1,1,51,45
LaNiO3,1,0,0,1,1,1,1,0,0,1,0,1,1,1,1,1,51,45
CaFeO3,0,1,1,1,2,1,1,1,1,1,0,1,1,0,1,1,51,45
ReO3,1,0,1,1,1,1,1,0,1,1,0,1,1,0,1,1,51,45
MoO2,0,1,1,0,1,1,1,0,0,1,0,1,1,0,1,1,51,45
MoO3,0,1,1,1,0,1,1,1,0,1,0,1,1,0,1,1,51,45
Ag2BiO3,0,1,1,1,2,1,1,1,0,1,0,1,1,0,1,1,51,45
TiO,1,0,1,1,1,1,1,0,1,1,0,1,1,0,1,1,51,45
MnO,1,0,1,0,0,1,1,0,0,1,0,1,1,0,1,1,51,45
Ca2RuO4,0,1,1,1,2,1,1,0,1,1,0,1,1,0,1,1,51,45
NbO2,0,1,1,1,2,1,1,1,0,1,0,1,1,0,1,1,51,45
Sr2TiO4,1,0,1,0,0,1,1,1,0,1,0,1,1,1,1,1,51,45
Ti2O3,0,1,0,0,2,1,1,0,1,1,0,1,1,1,1,1,51,45
Cr2O3,0,1,1,1,0,1,1,0,0,1,0,1,1,0,1,1,51,45
KVO3,0,1,1,1,0,1,1,0,1,1,0,1,1,0,1,1,51,45
BaVS3,0,1,1,1,2,1,1,0,0,1,0,1,1,1,1,1,51,45
SrCrO3,0,1,1,0,1,1,1,0,0,1,0,1,1,0,1,1,51,45
LaRuO3,1,0,1,1,1,1,1,0,1,1,0,0,0,0,1,1,52,90
LaFeO3,0,1,0,1,0,0,1,0,1,1,0,0,0,0,1,1,52,90
LaNiO3,1,0,0,1,1,0,1,1,1,1,0,0,0,0,1,0,52,90
CaFeO3,0,1,1,1,2,0,1,0,1,1,0,0,0,0,1,1,52,90
ReO3,1,0,0,1,1,0,1,0,1,1,0,0,0,0,0,0,52,90
MoO2,1,0,0,1,1,0,1,0,0,1,0,0,0,0,0,1,52,90
MoO3,0,1,0,1,0,0,0,0,0,1,0,0,0,0,0,0,52,90
Ag2BiO3,0,1,0,0,2,0,0,0,1,0,0,0,0,0,0,0,52,90
TiO,1,0,0,1,1,0,1,0,0,1,0,0,0,0,0,0,52,90
MnO,0,1,0,1,0,0,1,0,1,1,0,0,0,0,0,1,52,90
Ca2RuO4,0,1,1,1,2,0,1,0,1,1,0,0,0,0,1,1,52,90
NbO2,1,0,1,1,2,0,1,0,0,1,0,0,0,0,0,1,52,90
Sr2TiO4,0,1,0,1,0,0,0,0,0,1,0,0,0,0,0,0,52,90
Ti2O3,1,0,1,1,2,0,1,0,0,1,0,0,0,0,1,1,52,90
Cr2O3,0,1,0,1,0,0,1,0,0,1,0,0,0,0,1,1,52,90
KVO3,0,1,0,1,0,0,0,0,0,1,0,0,0,0,0,0,52,90
BaVS3,0,1,1,1,2,0,1,0,0,1,0,0,0,0,1,1,52,90
SrCrO3,1,0,0,1,1,0,1,0,1,1,0,0,0,0,0,0,52,90